Price,Age,KM,CC,HP,Weight,Doors,FuelType,Automatic,MetColor
13500,23,46986,2000,90,1165,3,Diesel,0,1
13750,23,72937,2000,90,1165,3,Diesel,0,1
13950,24,41711,2000,90,1165,3,Diesel,0,1
14950,26,48000,2000,90,1165,3,Diesel,0,0
13750,30,38500,2000,90,1170,3,Diesel,0,0
12950,32,61000,2000,90,1170,3,Diesel,0,0
16900,27,94612,2000,90,1245,3,Diesel,0,1
18600,30,75889,2000,90,1245,3,Diesel,0,1
21500,27,19700,1800,192,1185,3,Petrol,0,0
12950,23,71138,1900,69,1105,3,Diesel,0,0
20950,25,31461,1800,192,1185,3,Petrol,0,0
19950,22,43610,1800,192,1185,3,Petrol,0,0
19600,25,32189,1800,192,1185,3,Petrol,0,0
21500,31,23000,1800,192,1185,3,Petrol,0,1
22500,32,34131,1800,192,1185,3,Petrol,0,1
22000,28,18739,1800,192,1185,3,Petrol,0,0
22750,30,34000,1800,192,1185,3,Petrol,0,1
17950,24,21716,1600,110,1105,3,Petrol,0,1
16750,24,25563,1600,110,1065,3,Petrol,0,0
16950,30,64359,1600,110,1105,3,Petrol,0,1
15950,30,67660,1600,110,1105,3,Petrol,0,1
16950,29,43905,1600,110,1170,3,Petrol,1,0
15950,28,56349,1600,110,1120,3,Petrol,0,1
16950,28,32220,1600,110,1120,3,Petrol,0,1
16250,29,25813,1600,110,1120,3,Petrol,0,1
15950,25,28450,1600,110,1120,3,Petrol,0,1
17495,27,34545,1600,110,1120,3,Petrol,0,1
15750,29,41415,1600,110,1120,3,Petrol,0,1
16950,28,44142,1600,110,1120,3,Petrol,0,0
17950,30,11090,1600,110,1120,3,Petrol,0,1
12950,29,9750,1400,97,1100,3,Petrol,0,1
15750,22,35199,1400,97,1100,3,Petrol,0,1
15950,27,29510,1400,97,1100,3,Petrol,0,1
14950,26,32692,1400,97,1100,3,Petrol,0,1
15500,22,41000,1400,97,1100,3,Petrol,0,1
15750,26,43000,1400,97,1100,3,Petrol,0,0
15950,25,25000,1400,97,1100,3,Petrol,0,0
14950,23,10000,1400,97,1100,3,Petrol,0,1
15750,32,25329,1400,97,1100,3,Petrol,0,1
14750,27,27500,1400,97,1100,3,Petrol,0,0
13950,22,49059,1400,97,1100,3,Petrol,0,0
16750,27,44068,1400,97,1100,3,Petrol,0,1
13950,22,46961,1400,97,1100,3,Petrol,0,0
16950,27,110404,2000,90,1255,5,Diesel,0,0
16950,22,100250,2000,90,1255,5,Diesel,0,0
19000,23,84000,2000,90,1270,5,Diesel,0,0
17950,27,79375,2000,90,1255,5,Diesel,0,1
15800,22,75048,1400,97,1110,5,Petrol,0,1
17950,22,72215,2000,90,1255,5,Diesel,0,1
21950,31,64982,1800,192,1195,5,Petrol,0,1
17950,22,62636,2000,90,1255,5,Diesel,0,1
15750,30,57086,1400,97,1110,5,Petrol,0,1
20500,26,56000,1600,110,1180,5,Petrol,1,1
21950,27,49866,1800,192,1195,5,Petrol,0,1
15500,25,49163,1600,110,1165,5,Petrol,1,0
13250,32,45725,1600,110,1075,5,Petrol,0,1
15250,28,43210,1400,97,1110,5,Petrol,0,0
15250,26,43000,1400,97,1110,5,Petrol,0,0
18950,23,39704,1600,110,1180,5,Petrol,1,1
15999,30,38950,1600,110,1130,5,Petrol,0,1
14950,22,37400,1400,97,1110,5,Petrol,0,1
16500,27,37177,1600,110,1130,5,Petrol,0,0
18750,31,36544,1600,110,1130,5,Petrol,0,1
17950,30,33511,1600,110,1130,5,Petrol,0,1
17950,27,32809,1400,97,1110,5,Petrol,0,1
16950,26,32181,1600,110,1075,5,Petrol,0,1
18950,28,30993,1600,110,1130,5,Petrol,0,1
14950,22,30400,1400,97,1110,5,Petrol,0,1
22250,22,30000,2000,110,1275,5,Diesel,0,1
15950,25,29719,1400,97,1110,5,Petrol,0,1
15950,28,29206,1400,97,1110,5,Petrol,0,1
12995,32,29198,1400,97,1060,5,Petrol,0,1
18950,28,28817,1598,110,1130,5,Petrol,0,1
15750,23,28227,1400,97,1110,5,Petrol,0,1
19950,28,28000,1600,110,1130,5,Petrol,0,0
16950,23,28000,1600,110,1115,5,Petrol,0,1
18750,31,25266,1600,110,1130,5,Petrol,0,1
18450,27,23489,1600,110,1115,5,Petrol,0,0
16895,29,22575,1600,110,1115,5,Petrol,0,1
14900,30,22000,1400,97,1110,5,Petrol,0,1
18950,25,20019,1600,110,1180,5,Petrol,1,1
17250,29,20000,1600,110,1115,5,Petrol,0,1
15450,25,17003,1400,97,1110,5,Petrol,0,1
17950,31,16238,1600,110,1180,5,Petrol,1,1
16650,25,15414,1400,97,1110,5,Petrol,0,1
17450,28,8537,1600,110,1130,5,Petrol,0,1
14900,30,7000,1400,97,1100,5,Petrol,0,1
17950,20,66966,2000,90,1245,3,Diesel,0,1
15950,19,51884,1400,97,1100,3,Petrol,0,1
21950,19,50005,2000,110,1265,3,Diesel,0,1
16450,20,48110,1400,97,1100,3,Petrol,0,1
22250,20,37500,2000,90,1260,3,Diesel,0,1
19950,16,34472,1995,90,1260,3,Diesel,0,1
15950,20,33329,1400,97,1100,3,Petrol,0,1
18900,20,31850,1600,110,1120,3,Petrol,0,0
19950,17,30351,1995,90,1260,3,Diesel,0,1
15950,19,29435,1400,97,1100,3,Petrol,0,1
15950,19,25948,1400,97,1100,3,Petrol,0,1
18750,11,24500,1600,110,1120,3,Petrol,0,1
17450,18,23902,1400,97,1100,3,Petrol,0,1
18990,20,23175,1600,110,1120,3,Petrol,0,1
16250,19,19200,1400,97,1100,3,Petrol,0,1
18500,13,18000,1400,71,1125,3,Petrol,0,0
18500,11,16123,1600,110,1105,3,Petrol,0,1
19450,11,14635,1600,110,1155,3,Petrol,1,1
16950,19,13748,1400,97,1100,3,Petrol,0,1
18800,14,11500,1600,110,1045,3,Petrol,0,1
17450,17,10000,1400,97,1100,3,Petrol,0,1
17950,20,7187,1600,110,1105,3,Petrol,0,1
32500,4,1,2000,116,1480,5,Diesel,0,0
31000,4,4000,2000,116,1480,5,Diesel,0,1
31275,4,1500,2000,116,1480,5,Diesel,0,1
24950,8,13253,2000,116,1320,5,Diesel,0,1
24950,8,13253,2000,116,1320,5,Diesel,0,1
22950,7,10000,2000,116,1270,5,Diesel,0,1
24990,8,6000,2000,90,1280,5,Diesel,0,1
21950,8,10841,2000,90,1270,5,Diesel,0,1
17900,7,1,1600,110,1105,3,Petrol,0,1
19250,20,63000,2000,90,1255,5,Diesel,0,1
22250,17,57313,2000,110,1275,5,Diesel,0,1
18950,13,57037,1600,110,1115,5,Petrol,0,0
19950,19,51099,2000,90,1255,5,Diesel,0,1
16350,14,40010,1600,110,1115,5,Petrol,0,1
18950,20,39115,1600,110,1130,5,Petrol,0,1
16950,17,36012,1600,110,1130,5,Petrol,0,0
21750,16,36000,1600,110,1130,5,Petrol,0,1
15950,20,36000,1600,110,1075,5,Petrol,0,1
16500,20,35000,1400,97,1110,5,Petrol,0,1
17950,17,33740,1400,97,1135,5,Petrol,0,1
15850,13,33477,1600,110,1075,5,Petrol,0,1
16250,20,32627,1400,97,1110,5,Petrol,0,1
15950,20,29797,1400,97,1110,5,Petrol,0,1
16250,19,29441,1400,97,1110,5,Petrol,0,1
15950,13,29371,1600,110,1105,4,Petrol,0,1
16500,20,29000,1400,97,1110,5,Petrol,0,0
16500,19,27821,1400,97,1110,5,Petrol,0,0
18450,19,27371,1400,97,1135,5,Petrol,0,0
16250,13,25170,1600,110,1105,5,Petrol,0,1
23000,11,25000,2000,116,1320,5,Diesel,0,1
19900,20,23000,1600,110,1130,5,Petrol,0,1
16450,20,22588,1400,97,1110,5,Petrol,0,1
23950,19,21684,1800,192,1185,5,Petrol,0,1
19950,13,21428,1600,110,1130,5,Petrol,0,1
18500,16,20629,1600,110,1090,4,Petrol,0,1
18950,15,20270,1600,110,1130,5,Petrol,0,1
16450,16,20105,1400,97,1110,5,Petrol,0,0
20500,20,20000,1600,110,1165,5,Petrol,1,0
24500,13,19988,1600,110,1130,5,Petrol,0,1
19450,19,18328,1600,110,1130,5,Petrol,0,0
20950,14,17896,1600,110,1150,4,Petrol,1,1
17200,20,17300,1400,97,1110,5,Petrol,0,1
19950,19,17038,1600,110,1130,5,Petrol,0,0
18450,10,13747,1400,97,1110,5,Petrol,0,1
19500,12,13634,1600,110,1115,5,Petrol,0,1
21750,13,13178,1600,110,1130,5,Petrol,0,1
16868,15,13157,1400,97,1085,4,Petrol,0,1
19500,16,13000,1600,110,1105,4,Petrol,0,1
18900,11,12500,1600,110,1115,5,Petrol,0,1
19750,17,11999,1600,110,1130,5,Petrol,0,1
19750,16,11754,1600,110,1180,5,Petrol,1,0
18950,16,11000,1600,110,1105,4,Petrol,0,1
20750,17,10000,1598,110,1105,5,Petrol,0,0
19600,9,7650,1600,110,1115,5,Petrol,0,1
19500,14,6500,1600,110,1100,4,Petrol,0,1
17650,11,6155,1400,97,1110,5,Petrol,0,1
19950,14,6000,1600,110,1130,5,Petrol,0,0
19950,14,5459,1600,110,1130,5,Petrol,0,1
20950,14,5278,1600,110,1150,4,Petrol,1,1
20500,12,5000,1600,110,1130,5,Petrol,0,1
17795,9,1,1400,98,1065,4,Petrol,0,1
18245,9,1,1600,110,1075,5,Petrol,0,1
23750,8,11000,1600,110,1130,5,Petrol,0,1
19500,8,10077,1400,97,1110,5,Petrol,0,1
18950,8,10000,1400,97,1110,5,Petrol,0,1
21950,8,9788,1600,110,1130,5,Petrol,0,1
19950,8,8574,1600,110,1130,5,Petrol,0,1
18950,8,7000,1600,110,1115,5,Petrol,0,0
19950,7,6250,1600,110,1115,5,Petrol,0,1
21950,8,5000,1600,110,1130,5,Petrol,0,1
22500,6,3000,1600,110,1130,5,Petrol,0,0
18500,7,2000,1600,110,1075,5,Petrol,0,0
18700,7,450,1400,97,1110,5,Petrol,0,1
21125,2,225,1400,97,1110,5,Petrol,0,1
21500,2,15,1600,110,1130,5,Petrol,0,1
17795,1,1,1400,98,1100,4,Petrol,0,1
18245,1,1,1600,110,1075,5,Petrol,0,1
6950,43,243000,1900,69,1110,3,Diesel,0,0
9500,38,180638,2000,90,1160,4,Diesel,0,0
11950,40,179860,2000,90,1205,5,Diesel,0,1
7750,43,178858,1600,110,1084,3,CNG,0,0
11950,40,161000,1900,69,1105,3,Diesel,0,1
4350,44,158320,1800,69,1110,5,Diesel,0,0
4750,44,131273,1800,69,1110,5,Diesel,0,1
11750,40,130062,1900,69,1140,5,Diesel,0,1
13250,41,123425,1900,69,1140,5,Diesel,0,1
11950,37,118217,1600,110,1075,5,Petrol,0,1
11900,44,110000,1900,69,1095,5,Diesel,0,1
14750,39,108847,2000,90,1205,5,Diesel,0,1
9950,42,105699,1400,97,1025,3,Petrol,0,1
11950,39,98823,1600,110,1119,5,CNG,0,1
11495,44,96829,1600,110,1075,5,Petrol,0,1
11250,40,96518,1400,97,1025,3,Petrol,0,1
10500,42,92204,1600,110,1075,5,Petrol,0,1
10450,35,91456,1900,69,1110,3,Diesel,0,1
12950,43,89968,1900,69,1140,5,Diesel,0,1
11500,44,89757,1600,110,1045,3,Petrol,0,1
12500,40,85389,1600,110,1075,5,Petrol,0,1
10950,43,85017,1400,97,1060,5,Petrol,0,0
11450,41,84312,1600,110,1080,5,Petrol,0,0
11950,37,82743,1600,110,1121,5,CNG,0,1
13250,41,81106,1900,69,1140,5,Diesel,0,1
14750,40,80425,2000,90,1205,5,Diesel,0,1
11790,34,78677,1600,110,1105,5,Petrol,1,1
11450,40,78425,1600,110,1075,5,Petrol,0,1
13500,33,78108,2000,90,1170,3,Diesel,0,1
10950,33,77321,1600,110,1075,5,Petrol,0,1
13500,33,75699,1900,69,1105,3,Diesel,0,0
10950,41,75697,1400,97,1025,3,Petrol,0,1
10950,44,74846,1400,97,1025,3,Petrol,0,1
12950,38,74319,1600,110,1075,5,Petrol,0,1
11950,43,74285,1600,110,1075,5,Petrol,0,1
12450,44,74172,1600,110,1615,5,Petrol,0,1
11950,40,73042,1598,110,1075,5,Petrol,0,1
14950,44,71793,1600,110,1067,4,CNG,0,1
12450,35,71200,1600,110,1075,5,Petrol,0,1
12950,38,67805,1600,110,1075,5,Petrol,0,1
11950,35,65988,1600,110,1040,3,Petrol,0,1
11690,34,65345,1400,97,1060,5,Petrol,0,1
12450,42,64564,1600,110,1080,5,Petrol,0,1
12750,36,63459,1400,97,1060,5,Petrol,0,1
11925,44,63451,1400,97,1025,3,Petrol,0,0
12950,33,62000,1600,110,1075,5,Petrol,0,1
11950,42,61300,1400,97,1030,3,Petrol,0,1
12900,41,61200,1600,110,1045,3,Petrol,0,1
11900,41,61000,1600,110,1075,5,Petrol,0,0
11650,38,60829,1600,110,1075,5,Petrol,0,1
10950,44,60500,1600,110,1075,5,Petrol,0,0
13950,35,59500,1900,69,1110,3,Diesel,0,1
13950,44,59000,1600,110,1110,5,Petrol,1,0
11950,40,58954,1600,110,1080,5,Petrol,0,1
10950,38,58798,1600,110,1075,5,Petrol,0,1
12450,38,58363,1600,110,1055,3,Petrol,0,1
11950,43,58277,1600,110,1045,3,Petrol,0,1
13500,33,57711,2000,90,1165,3,Diesel,0,1
11690,33,57269,1600,110,1075,5,Petrol,0,1
13500,39,56001,1600,110,1075,5,Petrol,0,1
11950,42,55968,1600,110,1050,3,Petrol,0,0
12900,39,55678,1600,110,1030,4,Petrol,0,1
13500,43,55539,1600,110,1085,5,Petrol,0,1
11750,42,55400,1600,110,1075,5,Petrol,0,0
11750,33,55350,1600,110,1075,5,Petrol,0,0
10850,43,54600,1600,110,1030,4,Petrol,0,0
11750,43,53773,1600,110,1075,5,Petrol,0,1
14950,42,53719,1600,110,1105,5,Petrol,1,1
9940,39,53644,1600,110,1075,5,Petrol,0,1
12900,42,53350,1600,110,1075,5,Petrol,0,0
13500,38,53000,1600,110,1075,5,Petrol,0,1
11750,44,52084,1400,97,1025,3,Petrol,0,1
11950,44,52000,1400,97,1025,3,Petrol,0,0
13450,33,51945,1600,110,1075,5,Petrol,0,1
11950,41,51732,1400,97,1025,3,Petrol,0,1
12495,39,50873,1600,110,1075,5,Petrol,0,1
13500,41,50856,1600,110,1030,4,Petrol,0,0
12750,40,50640,1600,110,1075,5,Petrol,0,1
12000,39,50000,1400,97,1060,5,Petrol,0,1
11950,38,49500,1600,110,1075,5,Petrol,0,1
12495,44,49332,1600,110,1080,5,Petrol,0,1
12450,34,49291,1600,110,1040,3,Petrol,0,1
14750,40,48952,2000,90,1205,5,Diesel,0,1
10950,39,48945,1600,110,1040,3,Petrol,0,0
13500,33,48928,1900,69,1105,3,Diesel,0,1
12950,38,48197,1600,110,1075,5,Petrol,0,1
13500,35,48052,1900,69,1105,3,Diesel,0,1
13450,34,48011,1600,110,1030,4,Petrol,0,1
13500,43,48000,1600,110,1075,5,Petrol,0,1
11480,41,47350,1600,110,1075,5,Petrol,0,1
13450,39,46821,1400,97,1060,5,Petrol,0,1
11495,39,46694,1600,110,1040,3,Petrol,0,0
12750,43,46515,1400,97,1025,5,Petrol,0,0
14990,38,46327,1600,110,1055,3,Petrol,0,1
12950,35,46304,1400,97,1060,5,Petrol,0,1
12950,40,45886,1600,110,1080,5,Petrol,0,1
12850,39,45713,1400,97,1085,5,Petrol,0,1
13950,40,45600,1600,110,1105,5,Petrol,1,1
11950,41,45287,1600,110,1075,5,Petrol,0,1
12950,39,45081,1600,110,1075,5,Petrol,0,1
11700,40,44830,1600,110,1075,5,Petrol,0,1
9950,37,44757,1400,97,1025,3,Petrol,0,0
11895,44,44218,1400,97,1060,5,Petrol,0,1
12950,43,43632,1600,110,1075,5,Petrol,0,1
12500,36,43427,1600,110,1040,3,Petrol,0,1
13875,39,43254,1600,110,1075,5,Petrol,0,1
10500,35,43000,1600,110,1050,3,Petrol,0,0
12295,33,42823,1600,110,1075,5,Petrol,0,1
13950,42,42560,1600,110,1080,5,Petrol,0,1
10950,38,41754,1600,110,1040,3,Petrol,0,0
12950,44,41499,1600,110,1103,5,CNG,0,1
12850,40,41339,1600,110,1080,5,Petrol,0,1
13995,35,41000,1600,110,1075,5,Petrol,0,1
13750,39,40000,1600,110,1055,3,Petrol,0,1
12750,37,39757,1600,110,1075,5,Petrol,0,1
12500,41,39659,1600,110,1045,3,Petrol,0,1
13950,43,39650,1600,110,1055,3,Petrol,0,0
11500,39,39524,1398,97,1025,3,Petrol,0,1
13950,44,39516,1400,97,1060,5,Petrol,0,1
11895,41,39439,1400,97,1060,5,Petrol,0,0
9950,44,39000,1400,97,1025,3,Petrol,0,1
13500,42,38932,1600,110,1040,3,Petrol,0,1
11450,37,38812,1400,97,1025,3,Petrol,0,0
12450,42,38665,1600,110,1075,5,Petrol,0,1
12950,40,38653,1600,110,1080,5,Petrol,0,1
13995,44,38461,1600,110,1080,5,Petrol,0,1
11750,42,38078,1400,97,1025,3,Petrol,0,0
11650,39,37782,1400,97,1060,5,Petrol,0,1
9950,43,37576,1400,97,1030,3,Petrol,0,0
13950,41,37533,1600,110,1075,5,Petrol,0,1
12950,44,37389,1600,110,1080,5,Petrol,0,1
10950,38,37320,1400,97,1025,3,Petrol,0,1
9900,42,37000,1400,97,1025,3,Petrol,0,1
11950,44,37000,1600,110,1075,4,Petrol,0,0
11990,40,36566,1600,110,1090,5,Petrol,0,0
10750,36,36269,1600,110,1075,5,Petrol,0,1
13950,37,36074,1600,110,1075,5,Petrol,1,1
11250,44,36066,1600,110,1040,3,Petrol,0,1
12950,39,34599,1600,110,1075,5,Petrol,0,1
11950,41,34000,1600,110,1075,5,Petrol,0,1
10950,42,33623,1400,97,1025,3,Petrol,0,1
12950,33,33591,1600,110,1075,5,Petrol,0,1
12950,35,33258,1600,110,1075,5,Petrol,0,1
11695,43,33113,1600,110,1075,5,Petrol,0,1
11000,41,33000,1600,110,1075,5,Petrol,1,1
13950,35,32941,1600,110,1080,5,Petrol,0,1
11950,38,32781,1600,110,1075,5,Petrol,0,0
11750,40,32532,1600,110,1040,3,Petrol,0,1
12400,34,32431,1400,97,1060,5,Petrol,0,1
12500,35,32000,1600,110,1040,3,Petrol,0,0
12900,33,31000,1600,110,1075,5,Petrol,0,1
12200,41,30989,1600,110,1045,3,Petrol,0,0
12750,43,30742,1600,110,1040,3,Petrol,0,1
11950,42,30190,1600,110,1075,5,Petrol,0,1
11900,41,29716,1600,116,1075,5,Petrol,0,1
11950,44,29716,1600,110,1070,3,Petrol,1,1
14950,42,29640,1600,110,1055,3,Petrol,0,0
11950,41,29056,1400,97,1060,5,Petrol,0,1
12950,33,28715,1600,110,1075,5,Petrol,0,1
14950,41,28571,1600,110,1090,5,Petrol,0,0
13450,40,28362,1600,110,1040,3,Petrol,0,1
13750,38,28150,1600,110,1075,5,Petrol,0,1
12950,43,27301,1600,110,1040,3,Petrol,0,1
12750,33,27240,1600,110,1075,5,Petrol,0,1
11895,39,27170,1400,97,1060,5,Petrol,0,1
9950,42,27141,1400,97,1060,5,Petrol,0,1
12450,38,26262,1600,110,1075,5,Petrol,0,1
12500,38,26000,1400,97,1060,5,Petrol,0,1
14950,43,25228,1600,110,1045,3,Petrol,0,1
13750,39,25062,1600,110,1080,5,Petrol,0,1
12695,39,24723,1600,110,1060,4,Petrol,1,1
14990,33,24650,1600,110,1055,3,Petrol,0,1
12750,43,24553,1600,110,1080,5,Petrol,0,1
14350,41,24475,1600,110,1030,5,Petrol,0,1
12950,39,24444,1600,110,1040,3,Petrol,0,1
11500,35,24011,1400,97,1025,3,Petrol,0,0
11950,41,24000,1400,97,1025,3,Petrol,0,1
13450,40,23616,1600,110,1075,5,Petrol,0,1
12900,38,22865,1600,110,1075,5,Petrol,0,1
10500,41,22780,1300,86,1035,5,Petrol,0,1
10950,35,21904,1400,97,1025,3,Petrol,0,0
11950,41,21651,1400,97,1025,3,Petrol,0,0
11450,37,21500,1600,110,1030,5,Petrol,0,1
13250,44,21027,1600,110,1080,5,Petrol,0,1
10250,39,18500,1600,110,1030,4,Petrol,0,0
13995,35,18000,1600,110,1075,5,Petrol,0,1
11950,40,17051,1400,97,1060,5,Petrol,0,0
13250,33,16512,1400,97,1085,5,Petrol,0,1
12950,40,16325,1600,110,1080,5,Petrol,0,1
11750,38,16000,1400,97,1060,5,Petrol,0,1
11500,39,12000,1600,110,1075,5,Petrol,0,1
13500,43,10000,1400,97,1060,5,Petrol,0,1
6500,53,216000,1900,69,1110,3,Diesel,0,0
6400,51,198167,1900,69,1095,4,Diesel,0,0
7000,53,176000,1900,69,1105,3,Diesel,0,0
7750,54,174139,2000,72,1100,4,Diesel,0,1
8900,45,174000,1900,69,1095,5,Diesel,0,1
8500,55,150000,1600,110,1075,3,CNG,0,1
8950,54,149329,2000,72,1135,5,Diesel,0,1
9900,51,146736,1600,110,1080,5,Petrol,0,1
10250,53,143513,1900,69,1140,5,Diesel,0,0
9250,48,142130,1600,110,1119,5,CNG,0,0
7750,48,140700,1900,69,1110,5,Diesel,0,1
9450,54,138394,1900,69,1095,4,Diesel,0,1
7750,55,137000,2000,72,1135,5,Diesel,0,1
8250,52,135258,1900,69,1140,5,Diesel,0,1
9950,49,131364,1600,110,1075,5,Petrol,0,1
4450,56,129155,1800,69,1110,5,Diesel,0,0
9950,50,126110,1600,110,1055,3,Petrol,0,0
9000,48,119742,1600,110,1080,5,Petrol,0,1
9950,53,117913,1900,69,1110,5,Diesel,0,1
12450,47,117430,2000,90,1165,3,Diesel,0,1
10500,55,117175,1600,110,1035,4,Petrol,0,1
10750,54,115558,1600,110,1035,4,Petrol,0,1
8950,53,115113,1400,97,1025,3,Petrol,0,1
10500,54,115046,1900,69,1140,5,Diesel,0,1
5150,56,113997,2000,72,1135,5,Diesel,0,1
10950,49,107859,1400,97,1060,5,Petrol,0,0
9450,52,104805,1400,97,1025,3,Petrol,0,1
9950,54,103454,1600,110,1075,5,Petrol,0,1
10950,51,103018,1900,69,1140,5,Diesel,0,0
11900,47,102352,1600,110,1080,5,Petrol,0,1
9950,50,102030,1400,97,1060,5,Petrol,0,1
11950,54,101352,1600,110,1080,5,Petrol,0,0
7900,50,99865,1600,110,1035,4,Petrol,0,1
10950,52,99323,1600,110,1055,3,Petrol,0,1
8950,48,98100,1900,69,1140,5,Diesel,0,1
11950,51,98040,1600,110,1080,5,Petrol,0,0
10900,49,97600,1600,110,1045,3,Petrol,0,1
9950,55,97234,1600,110,1080,5,Petrol,0,0
9950,51,96135,2000,72,1115,3,Diesel,0,0
10950,54,96100,1600,110,1080,5,Petrol,0,1
8950,55,94401,2000,72,1115,3,Diesel,0,0
8950,55,94122,1300,86,1015,3,Petrol,0,1
10500,49,91340,1600,110,1055,3,Petrol,0,1
8950,53,90200,1400,97,1025,3,Petrol,0,0
9250,53,90097,1900,69,1140,5,Diesel,0,1
11500,48,89049,1400,97,1060,5,Petrol,0,1
9750,52,89000,1600,110,1075,5,Petrol,0,0
9950,45,87274,1600,110,1040,3,Petrol,0,1
11450,49,86221,1600,110,1045,3,Petrol,0,0
12500,54,84598,1600,110,1075,5,Petrol,0,0
10500,50,83567,1600,110,1075,5,Petrol,0,0
12950,50,83106,1600,110,1075,5,Petrol,0,1
12200,50,82805,1600,110,1040,3,Petrol,0,1
10950,50,82735,1400,97,1030,3,Petrol,0,1
10950,54,81905,1600,110,1105,5,Petrol,0,1
11290,49,80320,1600,110,1070,3,Petrol,1,1
10750,49,80090,1400,97,1030,3,Petrol,0,1
10895,53,79800,1600,110,1075,5,Petrol,0,0
11500,47,78785,1600,110,1119,5,CNG,0,1
9750,48,78600,1600,110,1075,5,Petrol,0,1
10250,55,77780,1600,110,1040,3,Petrol,0,0
12500,49,77648,1600,110,1030,4,Petrol,0,0
11950,54,77270,1600,110,1035,4,Petrol,0,1
10750,50,76167,1400,97,1060,5,Petrol,0,1
11450,46,75249,1600,110,1035,4,Petrol,0,1
11950,54,75231,1600,110,1080,5,Petrol,0,1
11750,48,75045,1600,110,1055,3,Petrol,0,1
10950,50,74849,1600,110,1060,4,Petrol,1,1
11950,55,74715,1600,110,1080,5,Petrol,0,1
10995,49,74656,1900,69,1105,3,Diesel,0,0
11450,56,74500,1400,97,1025,3,Petrol,0,0
8900,49,74494,1600,110,1075,5,Petrol,0,1
10500,50,73634,1587,110,1075,5,Petrol,0,0
11750,47,73403,1600,110,1075,5,Petrol,0,1
11450,49,73175,1400,97,1030,3,Petrol,0,1
12000,52,73000,1600,110,1055,3,Petrol,0,0
11950,50,72242,1600,110,1070,3,Petrol,1,0
9850,53,72000,1400,97,1025,3,Petrol,0,1
10950,54,71725,1600,110,1035,4,Petrol,0,1
10950,54,71276,1600,110,1080,5,Petrol,0,0
8695,50,70440,1900,69,1105,3,Diesel,0,1
10990,53,70239,1600,110,1040,3,Petrol,0,0
9500,55,69813,1400,97,1025,3,Petrol,0,1
11950,49,69659,1300,86,1025,3,Petrol,0,0
10750,46,69574,1400,97,1065,5,Petrol,0,0
8750,47,69000,1900,69,1140,5,Diesel,0,1
8750,49,68565,1600,110,1030,4,Petrol,0,1
11450,55,68520,2000,72,1115,3,Diesel,0,1
9950,46,68414,1400,97,1025,3,Petrol,0,0
11950,56,66777,1600,110,1090,5,Petrol,0,0
13950,52,66527,1600,110,1080,5,Petrol,0,1
11250,54,66063,1600,110,1090,5,Petrol,0,1
10900,50,65471,1400,97,1060,5,Petrol,0,1
9750,56,65400,1400,97,1025,3,Petrol,0,1
9950,52,65170,1400,97,1025,3,Petrol,0,1
11950,56,65000,1600,110,1075,5,Petrol,0,1
10450,48,64193,1600,110,1040,3,Petrol,0,1
8950,54,64000,1400,97,1025,3,Petrol,0,1
10250,54,63792,1600,110,1075,5,Petrol,0,1
9930,53,63635,1600,110,1035,4,Petrol,0,1
10500,54,63135,1600,110,1050,3,Petrol,0,1
11950,54,63123,1600,110,1035,4,Petrol,0,1
11500,48,63000,1900,69,1140,5,Diesel,0,1
11500,55,63000,1600,110,1035,4,Petrol,0,0
11450,54,62987,1600,110,1080,5,Petrol,0,0
9900,56,62751,1600,110,1050,3,Petrol,0,0
9500,54,62519,1400,97,1025,3,Petrol,0,0
10500,50,62280,1400,97,1060,5,Petrol,0,1
10750,50,61672,1600,110,1075,5,Petrol,0,0
8950,54,61000,2000,69,1140,5,Diesel,0,0
12000,56,61000,1600,110,1050,3,Petrol,0,1
9940,53,60558,1600,110,1105,4,Petrol,0,1
10950,47,60348,1600,110,1030,4,Petrol,0,0
10750,54,60239,1600,110,1075,5,Petrol,0,1
9799,51,59000,1400,97,1025,3,Petrol,0,1
11750,51,58761,1300,97,1060,5,Petrol,0,0
11950,54,58745,1600,110,1035,4,Petrol,0,1
11250,52,58596,1600,110,1045,3,Petrol,0,1
11750,54,58530,1600,110,1075,5,Petrol,0,0
10950,55,58377,1600,110,1050,3,Petrol,0,1
11250,56,58142,1600,110,1080,5,Petrol,0,1
9950,53,57948,1400,97,1025,3,Petrol,0,1
9700,51,57645,1600,110,1080,5,Petrol,0,0
11950,47,57500,1600,110,1105,4,Petrol,0,1
9900,53,57475,1600,110,1040,3,Petrol,0,0
9990,55,56743,1600,110,1045,3,Petrol,0,0
9475,48,56675,1400,97,1025,3,Petrol,0,1
11500,54,55877,1600,110,1075,5,Petrol,0,1
11950,53,55500,1600,110,1035,4,Petrol,0,1
11500,55,54900,1400,97,1060,5,Petrol,0,1
10500,50,54465,1600,110,1075,5,Petrol,0,0
10900,46,53700,1400,97,1060,5,Petrol,0,1
11700,52,53561,1400,97,1060,5,Petrol,0,1
11900,51,53408,1600,110,1080,5,Petrol,0,1
13950,51,53268,1600,110,1080,5,Petrol,0,1
10950,49,53116,1400,97,1025,3,Petrol,0,1
10500,56,52448,1400,97,1025,3,Petrol,0,0
10750,55,52149,1400,97,1085,3,Petrol,0,1
11950,55,52141,1600,110,1070,5,Petrol,0,1
10000,56,52000,1400,97,1025,3,Petrol,0,0
10495,48,50967,1400,97,1060,5,Petrol,0,1
11450,50,50400,1600,110,1080,5,Petrol,0,0
9400,54,50000,1400,97,1025,3,Petrol,0,1
11950,51,50000,1300,86,1045,5,Petrol,0,1
9650,53,49969,1600,110,1075,5,Petrol,0,0
18950,49,49568,1600,110,1105,3,Petrol,0,1
11450,51,49473,1600,110,1055,3,Petrol,0,0
10250,52,49432,1600,110,1050,3,Petrol,0,1
11450,48,49417,1600,110,1045,3,Petrol,0,1
9950,54,49366,1400,97,1025,3,Petrol,0,1
10500,56,48731,1600,110,1055,3,Petrol,0,1
13750,54,48370,1600,110,1080,5,Petrol,0,1
9950,48,48071,1400,97,1025,3,Petrol,0,0
10250,54,47852,1600,110,1030,4,Petrol,0,1
10850,54,47768,1600,110,1055,3,Petrol,0,0
11895,52,47689,1600,110,1075,5,Petrol,0,0
12950,53,47451,1600,110,1055,3,Petrol,0,1
11950,50,47219,1600,110,1080,5,Petrol,0,1
10750,56,47211,1600,110,1070,5,Petrol,0,1
9550,54,46856,1400,97,1060,5,Petrol,0,0
10950,56,46500,1300,86,1035,5,Petrol,0,0
11750,52,46449,1600,110,1035,4,Petrol,0,1
10950,47,46391,1600,110,1075,5,Petrol,0,0
12450,54,46230,1600,110,1055,3,Petrol,0,1
10500,52,46029,1600,110,1030,4,Petrol,0,1
10900,50,46000,1400,97,1025,3,Petrol,0,0
12950,50,45900,1600,110,1075,5,Petrol,0,1
10950,47,45850,1400,97,1060,5,Petrol,0,0
12500,56,45336,1600,110,1080,5,Petrol,0,1
9950,55,44537,1400,97,1025,3,Petrol,0,0
10750,56,43700,1300,86,1025,3,Petrol,0,1
12500,48,43120,1400,97,1030,3,Petrol,0,1
10450,49,41710,1600,110,1040,3,Petrol,0,0
10750,52,41700,1400,97,1025,3,Petrol,0,1
12950,49,41636,1600,110,1105,5,Petrol,0,1
10995,50,41273,1400,97,1060,5,Petrol,0,0
11950,49,40836,1600,110,1075,3,Petrol,1,0
11250,50,40400,1400,97,1060,5,Petrol,0,1
11950,47,40361,1600,110,1090,5,Petrol,0,1
13750,54,40325,1300,86,1045,5,Petrol,0,0
11000,47,40000,1600,110,1080,5,Petrol,0,0
13500,50,39706,1600,110,1080,5,Petrol,0,1
10950,54,39291,1600,110,1040,3,Petrol,0,1
10750,54,39000,1400,97,1025,3,Petrol,0,0
8950,47,38900,1400,97,1025,3,Petrol,0,1
12950,51,38403,1600,110,1055,3,Petrol,0,0
9750,56,37461,1400,97,1025,3,Petrol,0,0
10900,54,37000,1400,97,1025,3,Petrol,0,1
10995,55,36406,1600,110,1035,4,Petrol,0,1
10750,48,36005,1400,97,1065,5,Petrol,0,1
10950,52,36000,1600,110,1075,5,Petrol,0,1
13000,49,36000,1600,110,1080,5,Petrol,0,0
12950,45,36000,1600,110,1070,3,Petrol,1,1
11500,52,35823,1600,110,1075,5,Petrol,0,0
10950,56,35230,1400,97,1025,3,Petrol,0,0
11710,48,35142,1600,110,1055,3,Petrol,0,0
9980,49,34890,1400,97,1025,3,Petrol,0,0
12250,51,34882,1600,110,1075,5,Petrol,0,1
11500,46,34000,1600,110,1075,5,Petrol,0,1
11950,56,33998,1600,110,1080,5,Petrol,0,0
11500,55,33230,1600,110,1050,3,Petrol,0,0
11900,46,33021,1600,110,1080,5,Petrol,0,1
11930,49,31999,1400,97,1030,3,Petrol,0,0
10500,52,31579,1400,97,1025,3,Petrol,0,0
8950,56,31000,1400,97,1025,3,Petrol,0,0
10450,46,30806,1400,97,1060,5,Petrol,0,1
10500,55,30461,1300,86,1050,5,Petrol,0,1
12950,50,29686,1600,110,1075,3,Petrol,1,1
9950,55,29650,1300,86,1025,3,Petrol,0,0
12900,52,29500,1600,110,1055,3,Petrol,0,1
9950,48,28656,1400,97,1085,3,Petrol,0,0
9950,55,27500,1400,97,1025,3,Petrol,0,1
10950,48,26938,1600,110,1040,3,Petrol,0,1
10950,53,26624,1400,97,1060,5,Petrol,0,0
9950,47,26221,1400,97,1025,3,Petrol,0,1
10950,50,22648,1400,97,1060,5,Petrol,0,1
10800,50,22500,1400,97,1025,3,Petrol,0,1
10500,56,19313,1400,97,1025,3,Petrol,0,0
10450,50,17619,1600,110,1030,4,Petrol,0,0
10600,51,17069,1400,97,1025,3,Petrol,0,1
10450,48,15000,1400,97,1025,3,Petrol,0,1
12950,50,10210,1400,97,1065,5,Petrol,0,0
11250,47,5309,1600,110,1070,3,Petrol,1,1
7500,50,1,2000,90,1260,3,Diesel,0,1
8950,52,31000,1398,97,1025,3,Petrol,0,0
6950,58,205000,2000,72,1100,4,Diesel,0,1
7900,68,204250,2000,72,1115,3,Diesel,0,0
5950,68,194545,1300,86,1000,4,Petrol,0,0
7500,59,190900,2000,72,1115,3,Diesel,0,1
7500,62,183500,2000,72,1140,5,Diesel,0,1
6900,65,176184,2000,72,1115,3,Diesel,0,1
5751,67,174833,2000,72,1100,4,Diesel,0,0
6950,68,155720,1300,86,1015,3,Petrol,0,1
7950,67,155500,1600,110,1050,5,Petrol,0,1
7750,59,154783,2000,72,1120,3,Diesel,0,1
7950,64,154462,2000,72,1135,5,Diesel,0,1
8250,64,150585,1600,110,1065,3,Petrol,0,1
6250,67,149000,2000,90,1135,5,Diesel,0,1
9500,62,147636,2000,72,1135,5,Diesel,0,0
6900,59,144521,2000,72,1135,5,Diesel,0,1
8450,64,144000,1600,110,1065,3,CNG,0,1
7350,65,140168,2000,72,1115,3,Diesel,0,1
8950,68,140000,1600,110,1085,5,Petrol,0,1
6900,60,139800,2000,72,1115,3,Diesel,0,0
8950,59,137050,1600,110,1078,3,CNG,0,1
8750,61,136956,1600,110,1065,3,Petrol,0,0
7950,67,135337,1600,110,1120,5,CNG,0,1
8950,64,133769,2000,72,1120,3,Diesel,0,1
8950,58,133405,2000,72,1135,5,Diesel,0,1
8950,65,132807,2000,72,1135,5,Diesel,0,1
7950,64,132393,2000,72,1135,5,Diesel,0,0
7750,60,130270,1600,110,1050,3,Petrol,0,0
7500,59,130000,2000,72,1135,4,Diesel,0,1
8950,67,127000,2000,72,1135,5,Diesel,0,1
9800,67,126800,2000,72,1135,5,Diesel,0,0
9450,66,126452,1600,110,1085,5,Petrol,0,1
8950,62,125175,2000,116,1150,5,Diesel,0,0
8750,68,125000,2000,72,1115,3,Diesel,0,1
10500,61,123000,2000,72,1135,5,Diesel,0,0
7995,59,121626,1300,86,1050,5,Petrol,0,0
10450,64,120400,1600,110,1090,5,Petrol,0,0
9950,66,120000,2000,72,1100,4,Diesel,0,0
9950,68,119541,1600,110,1055,3,Petrol,0,0
8950,68,119500,1600,110,1070,5,Petrol,0,1
7950,68,119289,1600,110,1035,4,Petrol,0,1
10950,57,118833,1600,110,1065,3,Petrol,0,0
9950,64,118000,2000,72,1150,5,Diesel,0,1
8600,68,117955,1600,110,1065,4,Petrol,1,1
7250,65,117609,1300,86,1015,3,Petrol,0,0
6950,68,117000,2000,72,1115,3,Diesel,0,0
8000,64,116000,1300,86,1045,5,Petrol,0,0
9950,58,115715,1600,110,1070,5,Petrol,0,0
9450,60,115191,1600,110,1079,4,CNG,0,1
7950,68,115071,1600,110,1055,3,Petrol,0,1
9450,63,115000,1600,110,1109,3,CNG,0,0
9950,64,114846,1600,110,1075,5,Petrol,0,1
6950,65,114383,2000,90,1260,3,Diesel,0,0
8250,59,113700,1600,110,1065,5,Petrol,0,1
9950,67,113118,1300,86,1020,3,Petrol,0,1
8250,59,112827,1300,86,1040,5,Petrol,0,1
9950,68,112116,1600,110,1070,5,Petrol,0,1
10500,66,112000,1600,110,1065,3,Petrol,0,1
7950,62,112000,2000,72,1135,4,Diesel,0,0
9750,65,111769,1600,110,1065,3,Petrol,0,0
9250,61,110853,1600,110,1070,5,Petrol,0,1
9500,68,110287,1600,110,1050,3,Petrol,0,1
9950,62,109547,1600,110,1075,5,Petrol,0,0
7750,63,109230,1600,110,1050,3,Petrol,0,0
9500,68,109150,1600,110,1075,5,Petrol,0,0
9950,67,108793,1600,110,1035,4,Petrol,0,1
9750,64,106784,1600,110,1050,3,Petrol,1,0
9750,58,105942,1300,86,1040,5,Petrol,0,0
5950,59,105000,1300,86,1015,3,Petrol,0,1
8500,62,105000,1300,86,1040,5,Petrol,0,0
8495,68,104299,1600,110,1085,5,Petrol,0,1
9250,67,104000,1300,86,1020,3,Petrol,0,0
6900,68,104000,1300,86,1015,3,Petrol,0,1
8950,58,103458,1300,86,1025,3,Petrol,0,1
9500,63,103400,1600,110,1075,5,Petrol,0,1
9250,63,102807,1300,86,1055,5,Petrol,0,0
9895,68,102494,1600,110,1090,5,Petrol,0,0
9950,57,102300,2000,72,1135,5,Diesel,0,1
7950,61,102106,1600,110,1050,3,Petrol,0,0
8750,68,101889,1600,110,1075,5,Petrol,0,1
8250,57,101791,2000,72,1115,3,Diesel,0,0
8950,63,101469,1600,110,1065,3,Petrol,0,1
8950,68,101001,1600,110,1075,5,Petrol,0,0
8950,61,100748,1600,110,1070,5,Petrol,0,0
8950,65,100550,1600,110,1075,5,Petrol,0,1
9450,67,99781,1600,110,1085,5,Petrol,0,1
8950,59,98658,1300,86,1020,3,Petrol,0,1
9250,65,98500,1600,110,1075,5,Petrol,0,1
8750,64,98291,1300,86,1000,4,Petrol,0,0
9950,61,97648,1600,110,1065,3,Petrol,0,1
9950,61,97425,1600,110,1075,5,Petrol,0,1
9900,65,97173,1300,86,1015,3,Petrol,0,0
8950,66,97046,1300,86,1000,4,Petrol,0,1
8950,67,96000,1600,110,1050,3,Petrol,0,1
12250,60,96000,2000,72,1100,4,Diesel,0,0
9250,67,95750,1600,110,1070,5,Petrol,0,1
10250,61,95147,1600,110,1050,3,Petrol,0,1
8950,68,95000,1600,110,1050,3,Petrol,0,0
7999,65,95000,1600,110,1050,3,Petrol,0,1
9900,66,94606,1600,110,1065,3,Petrol,0,0
8250,63,94504,1300,86,1000,4,Petrol,0,1
10500,65,93428,1600,110,1075,5,Petrol,0,1
8450,65,93408,1300,86,1015,3,Petrol,0,0
9900,68,93296,1600,110,1090,5,Petrol,0,1
10500,62,93098,1600,110,1075,5,Petrol,0,1
8500,67,92922,2000,72,1100,4,Diesel,0,1
9500,61,92498,1600,110,1050,3,Petrol,0,1
9450,65,92226,1600,110,1065,3,Petrol,0,0
9900,68,91505,2000,72,1115,3,Diesel,0,0
8250,64,91333,1600,110,1050,3,Petrol,0,1
8750,65,91246,1300,86,1015,3,Petrol,0,1
9500,58,91000,1600,110,1075,5,Petrol,0,1
8450,68,90727,1600,110,1050,3,Petrol,0,0
8490,62,90000,1600,110,1050,3,Petrol,0,0
8750,60,89576,1600,110,1035,4,Petrol,0,0
9750,64,89145,1300,86,1025,3,Petrol,0,1
9950,63,89000,1600,110,1085,5,Petrol,0,1
8500,68,88807,1600,110,1050,3,Petrol,0,0
8450,63,88685,1600,110,1070,5,Petrol,0,0
7900,62,88667,1600,110,1040,4,Petrol,0,1
8750,57,88480,1600,110,1050,3,Petrol,0,1
7950,61,88127,1300,86,1015,3,Petrol,0,0
6900,62,88000,1300,86,1020,3,Petrol,0,0
8150,65,87821,1300,86,1015,3,Petrol,0,1
10995,59,87654,1300,86,1065,5,Petrol,1,1
8900,59,86888,1600,110,1050,3,Petrol,0,1
9500,59,86871,1300,86,1040,5,Petrol,0,1
8950,68,86714,1600,110,1035,4,Petrol,0,1
11500,65,85889,1600,110,1065,3,Petrol,0,0
10450,62,85000,1600,110,1050,3,Petrol,0,1
10500,60,85000,1300,86,1025,3,Petrol,0,1
9250,68,84976,1600,110,1035,4,Petrol,0,1
10950,65,84558,1600,110,1120,5,Petrol,0,1
10450,62,84549,1600,110,1075,5,Petrol,0,0
9250,68,84482,1600,110,1075,5,Petrol,0,1
8750,62,83908,1600,110,1070,5,Petrol,0,1
8750,67,83560,1300,86,1015,3,Petrol,0,0
9800,68,83000,1600,107,1100,5,Petrol,1,1
8250,64,82723,1300,86,1015,3,Petrol,0,0
10450,62,82421,1600,110,1065,3,Petrol,0,1
9750,58,82254,1600,110,1050,5,Petrol,0,0
8950,61,82115,1600,110,1055,3,Petrol,0,1
7450,65,82000,1300,86,1015,3,Petrol,0,1
8450,68,81965,1300,86,1035,5,Petrol,0,1
8250,66,81250,1600,110,1050,3,Petrol,0,0
10950,65,81192,1600,110,1065,3,Petrol,0,1
8950,61,81170,1600,110,1040,4,Petrol,0,1
8750,66,81083,1300,86,1015,3,Petrol,0,0
10450,61,80714,1600,110,1075,5,Petrol,0,1
10950,57,80470,1600,110,1085,5,Petrol,0,0
8450,65,80439,1600,110,1035,4,Petrol,0,1
9950,59,80430,1600,110,1065,3,Petrol,0,1
9950,68,80426,1600,110,1055,3,Petrol,0,1
8750,62,80265,1300,86,1015,3,Petrol,0,0
9950,65,80153,1600,110,1070,5,Petrol,0,0
9500,68,80121,1600,110,1070,5,Petrol,0,0
8250,65,80086,1600,110,1035,4,Petrol,0,1
10950,62,80000,1600,110,1075,5,Petrol,0,0
7950,60,80000,1300,86,1015,5,Petrol,0,0
8250,65,80000,1300,86,1015,2,Petrol,0,1
9895,67,79858,1600,110,1040,4,Petrol,0,1
9130,67,79762,1300,86,1015,3,Petrol,0,1
10950,59,79660,1300,86,1065,5,Petrol,1,0
10500,60,79150,1600,110,1075,5,Petrol,0,1
8900,61,79000,1600,110,1050,3,Petrol,0,1
9500,57,78955,1300,86,1045,5,Petrol,0,1
10950,59,78750,1975,90,1155,5,Diesel,0,1
7950,68,78521,1300,86,1015,3,Petrol,0,0
7950,64,78356,1300,86,1015,3,Petrol,0,1
7950,65,78076,1300,86,1015,3,Petrol,0,1
9500,61,78063,1600,107,1100,5,Petrol,1,1
10950,67,77821,1600,110,1075,5,Petrol,0,1
9750,68,77695,1600,110,1035,4,Petrol,0,1
9750,65,77500,1600,110,1050,3,Petrol,0,1
9450,63,77457,1600,110,1055,3,Petrol,0,1
8950,68,77029,1300,86,1015,3,Petrol,0,1
8950,68,77008,1300,86,1015,3,Petrol,0,1
8900,66,76791,1600,110,1070,5,Petrol,0,1
9950,61,76700,1300,86,1035,5,Petrol,0,1
8750,67,76569,1300,86,1020,3,Petrol,0,1
8950,59,76162,1600,110,1075,5,Petrol,0,1
8990,65,76155,1600,110,1035,4,Petrol,0,1
8950,61,75609,1300,86,1015,3,Petrol,0,1
8950,62,75569,2000,72,1120,3,Diesel,0,1
9950,67,75429,1600,110,1065,3,Petrol,0,1
9900,68,75000,1600,110,1075,5,Petrol,0,1
8950,65,75000,1300,86,1015,3,Petrol,0,0
8950,62,75000,1600,110,1070,5,Petrol,0,1
9500,66,74963,1600,107,1085,3,Petrol,1,0
7950,68,74889,1300,86,1015,3,Petrol,0,1
7750,68,74875,1600,110,1070,5,Petrol,0,0
8950,63,74747,1600,110,1075,5,Petrol,0,1
11950,60,74720,1600,110,1085,5,Petrol,0,1
8950,62,74457,1600,110,1075,5,Petrol,0,0
11950,60,74337,1300,86,1035,5,Petrol,0,0
8950,68,74308,1600,110,1050,3,Petrol,0,0
9950,64,74193,1600,110,1050,3,Petrol,0,0
8250,65,74179,1600,110,1050,3,Petrol,0,1
8995,67,73936,1300,86,1050,5,Petrol,0,1
9995,61,73894,1600,110,1065,3,Petrol,0,1
9250,64,73500,1600,110,1050,3,Petrol,0,1
10950,64,73376,1600,110,1070,5,Petrol,0,0
8900,64,73300,1300,86,1015,3,Petrol,0,1
9500,58,73172,1600,110,1075,5,Petrol,0,1
9950,58,72928,1600,110,1075,5,Petrol,0,1
7950,67,72880,1332,86,1015,3,Petrol,0,1
8250,63,72522,1600,110,1050,3,Petrol,0,1
9450,64,72000,1300,86,1015,3,Petrol,0,1
7950,57,72000,1300,86,1015,3,Petrol,0,0
9500,59,71366,1600,110,1065,3,Petrol,0,0
8950,65,71317,1600,110,1050,3,Petrol,0,0
10950,62,71000,1600,110,1070,5,Petrol,0,0
8950,60,70954,1600,110,1050,3,Petrol,0,0
9450,63,70908,1300,86,1035,5,Petrol,0,0
8000,58,70560,1600,110,1050,3,Petrol,0,1
9900,67,70552,1600,110,1075,5,Petrol,0,0
8950,62,70500,1600,110,1035,5,Petrol,0,1
10900,60,70453,2000,72,1135,5,Diesel,0,0
9450,59,70218,1600,110,1050,3,Petrol,0,1
8450,64,70116,1600,110,1035,4,Petrol,0,1
9500,65,70068,1600,110,1075,5,Petrol,0,1
10500,67,70000,1587,107,1065,3,Petrol,1,1
6950,68,70000,1300,86,1015,3,Petrol,0,1
9750,68,69103,1600,110,1035,4,Petrol,0,0
6950,58,69022,1300,86,1035,5,Petrol,0,1
9650,67,69000,1600,110,1065,3,Petrol,0,1
9950,68,68865,1600,110,1065,3,Petrol,0,1
9250,58,68723,1300,86,1025,3,Petrol,0,0
8950,63,68453,1600,110,1070,5,Petrol,0,1
9900,63,68238,1300,86,1050,5,Petrol,0,0
10995,63,68153,1600,110,1085,5,Petrol,0,1
10500,65,68000,1600,110,1075,5,Petrol,0,0
8950,65,68000,1300,86,1015,3,Petrol,0,1
9750,67,67762,1600,110,1065,3,Petrol,0,1
10950,68,67146,1600,110,1075,5,Petrol,0,1
9750,67,67110,1300,86,1035,5,Petrol,0,1
9950,59,67010,1600,110,1065,3,Petrol,0,1
10500,65,67003,1600,110,1035,4,Petrol,0,1
10400,68,66785,1300,86,1045,3,Petrol,1,0
8800,68,66550,1332,86,1010,3,Petrol,0,0
10500,61,66259,1600,110,1065,3,Petrol,0,1
9250,62,66082,1600,110,1070,5,Petrol,0,0
7800,65,66000,1300,86,1015,3,Petrol,0,1
9950,61,66000,1600,110,1050,3,Petrol,0,0
10750,63,65896,1600,110,1065,3,Petrol,0,1
10950,67,65785,1600,110,1075,5,Petrol,0,1
9950,65,65513,1600,110,1070,4,Petrol,1,1
9950,59,65463,1600,110,1070,5,Petrol,0,1
8100,68,65400,1300,86,1000,4,Petrol,0,1
9250,60,65259,1600,110,1050,3,Petrol,0,1
7800,64,65000,1600,110,1050,3,Petrol,0,1
9000,68,65000,1600,110,1070,5,Petrol,0,0
8950,57,65000,1600,110,1035,4,Petrol,0,0
8950,62,64966,1300,86,1020,3,Petrol,0,0
9950,68,64950,1600,110,1075,5,Petrol,0,1
8500,60,64914,1600,110,1070,5,Petrol,0,1
7995,62,64797,1600,110,1075,5,Petrol,0,1
8750,65,64772,1600,110,1050,3,Petrol,0,1
9750,63,64690,1300,86,1020,3,Petrol,0,0
10950,65,64630,1600,110,1070,5,Petrol,0,0
9750,67,64613,1600,110,1085,5,Petrol,0,1
8200,60,64383,1300,86,1015,3,Petrol,0,0
8950,68,64000,1600,110,1075,5,Petrol,0,0
9500,66,63881,1300,86,1015,3,Petrol,0,0
10950,58,63870,2000,72,1135,5,Diesel,0,0
9750,66,63328,1300,86,1065,5,Petrol,1,0
9950,65,63000,1300,86,1065,5,Petrol,1,1
10450,61,63000,1300,86,1050,3,Petrol,1,0
9850,65,62396,1600,110,1050,3,Petrol,0,0
9450,62,62377,1600,110,1075,5,Petrol,0,1
10295,67,62316,1600,110,1050,3,Petrol,0,1
9750,68,62292,1600,110,1065,3,Petrol,0,1
8950,65,62225,1600,110,1050,3,Petrol,0,1
9900,68,62222,1600,110,1075,5,Petrol,0,0
8750,66,62135,1300,86,1035,5,Petrol,0,1
9950,58,62024,1600,110,1075,5,Petrol,0,1
8500,60,61977,1300,86,1015,3,Petrol,0,1
9950,62,61930,1600,110,1035,4,Petrol,0,1
10950,57,61682,1600,110,1050,3,Petrol,0,0
9795,68,61568,1600,110,1035,4,Petrol,0,1
8750,68,61504,1600,110,1035,4,Petrol,0,1
8250,65,61384,1600,110,1050,3,Petrol,0,1
9950,58,61343,1600,110,1075,5,Petrol,0,1
9950,62,61254,1600,110,1075,5,Petrol,0,0
10500,59,61166,1600,110,1050,3,Petrol,0,1
9750,62,61149,1300,86,1040,5,Petrol,0,1
11250,61,61144,1600,110,1090,5,Petrol,0,1
8900,59,61127,1600,110,1050,3,Petrol,0,1
7950,60,61100,1300,86,1015,3,Petrol,0,1
11500,68,61100,1600,110,1075,5,Petrol,0,1
9450,57,61000,1600,110,1050,3,Petrol,0,1
7995,65,60724,1300,86,1015,3,Petrol,0,1
10995,59,60708,1300,86,1045,5,Petrol,0,1
8950,61,60532,1600,110,1050,3,Petrol,0,1
8250,67,60000,1300,86,1030,4,Petrol,1,0
8950,66,60000,1300,86,1015,3,Petrol,0,1
8950,65,60000,1300,86,1015,3,Petrol,0,1
9500,62,59295,1300,86,1035,5,Petrol,0,0
7500,65,59264,1300,86,1015,3,Petrol,0,0
8950,63,59000,1600,110,1050,3,Petrol,0,0
9950,63,59000,1300,86,1035,5,Petrol,0,1
9750,65,59000,1600,110,1075,5,Petrol,0,0
9450,61,59000,1600,110,1070,5,Petrol,0,1
9950,65,59000,1600,110,1050,3,Petrol,0,0
9750,68,58860,1600,110,1055,3,Petrol,0,1
8950,65,58829,1600,110,1050,3,Petrol,0,0
8250,66,58654,1600,110,1070,5,Petrol,0,1
7750,65,58300,1300,86,1015,3,Petrol,0,1
8950,60,58269,1600,110,1050,3,Petrol,0,1
9950,64,58136,1600,110,1075,5,Petrol,0,1
9450,66,58113,1600,107,1085,3,Petrol,1,1
12950,67,58058,1600,110,1065,3,Petrol,0,1
9950,58,58000,1600,110,1050,3,Petrol,0,1
10495,62,58000,1600,110,1065,3,Petrol,0,1
7950,68,57565,1300,86,1035,5,Petrol,0,1
10500,63,57413,1600,107,1115,5,Petrol,1,0
8950,65,57374,1600,110,1075,5,Petrol,0,1
9900,62,57179,1600,110,1075,5,Petrol,0,1
9995,61,57169,1600,110,1065,3,Petrol,0,1
9950,63,57124,1600,110,1065,3,Petrol,0,1
9950,63,57000,1600,110,1050,3,Petrol,0,1
8250,67,57000,1600,110,1050,3,Petrol,0,0
9950,63,57000,1300,86,1035,5,Petrol,0,1
8950,59,56259,1300,86,1015,3,Petrol,0,0
10950,62,56209,1600,107,1080,3,Petrol,1,1
9250,67,56074,1300,86,1000,4,Petrol,0,0
9950,63,55942,1600,110,1070,5,Petrol,0,1
9995,57,55844,1300,86,1045,5,Petrol,0,1
8750,61,55747,1300,86,1020,3,Petrol,0,0
10950,58,55478,1300,86,1045,5,Petrol,0,0
10350,60,55085,1600,107,1105,5,Petrol,1,0
9950,65,55061,1600,110,1070,5,Petrol,0,1
8950,65,55000,1300,86,1015,3,Petrol,0,1
10950,57,55000,1600,110,1075,5,Petrol,0,0
10950,63,54936,1600,110,1075,5,Petrol,0,1
8950,68,54875,1600,110,1070,5,Petrol,0,1
8900,67,54847,1600,110,1050,3,Petrol,0,0
10250,60,54554,1600,110,1065,3,Petrol,0,1
9450,61,54125,1600,110,1035,5,Petrol,0,1
9250,61,54000,1600,110,1055,3,Petrol,0,1
10500,57,54000,1600,110,1075,5,Petrol,0,1
7350,58,54000,1300,86,1035,5,Petrol,0,0
10250,57,54000,1600,110,1135,3,Petrol,0,1
10250,62,53285,1600,110,1075,5,Petrol,0,1
11500,65,53053,1600,110,1075,5,Petrol,0,1
8950,68,53000,1587,110,1075,3,Petrol,1,1
7750,68,53000,1300,86,1015,3,Petrol,0,0
9500,64,52968,1600,110,1050,3,Petrol,0,1
8450,67,52800,1300,86,1015,3,Petrol,0,1
8950,57,52548,1600,110,1050,3,Petrol,0,0
8400,60,52487,1600,110,1035,4,Petrol,0,1
9250,66,52383,1300,86,1015,3,Petrol,0,0
8900,61,52112,1600,110,1035,4,Petrol,0,1
8750,58,51712,1600,110,1050,3,Petrol,0,0
10950,58,51421,1600,110,1105,5,Petrol,1,0
8950,61,51235,1300,86,1000,4,Petrol,0,1
8950,65,51000,1300,86,1015,3,Petrol,0,1
8895,61,50925,1600,110,1070,5,Petrol,0,1
9390,66,50806,1300,86,1480,3,Petrol,0,0
8750,59,50469,1600,110,1070,5,Petrol,0,1
9750,61,50173,1600,110,1075,5,Petrol,0,1
9950,62,50000,1600,110,1075,5,Petrol,0,1
10950,65,49942,1600,110,1065,3,Petrol,0,0
9900,67,49585,1600,110,1085,5,Petrol,0,0
9500,62,49258,1600,110,1035,4,Petrol,0,1
9950,61,49000,1600,110,1050,3,Petrol,0,0
9950,63,48738,1600,110,1055,5,Petrol,0,0
10500,62,47750,1300,86,1040,5,Petrol,0,1
9950,63,47612,1300,86,1015,3,Petrol,0,0
10495,68,47500,1300,86,1035,5,Petrol,0,1
9500,66,47237,1600,110,1050,3,Petrol,0,0
8500,58,47171,1300,86,1015,3,Petrol,0,1
10450,60,47060,1600,110,1035,4,Petrol,0,0
8950,65,47014,1300,86,1015,3,Petrol,0,1
9900,59,46929,1300,86,1025,3,Petrol,0,1
8900,63,46000,1300,86,1035,5,Petrol,0,0
8745,65,45681,1600,110,1050,3,Petrol,0,0
8750,65,45549,1300,86,1015,3,Petrol,0,1
10750,57,45000,1600,110,1050,5,Petrol,0,1
9750,57,45000,1600,110,1050,3,Petrol,0,1
8850,65,45000,1600,110,1075,5,Petrol,0,0
7950,66,45000,1300,86,1035,5,Petrol,0,1
9450,63,45000,1600,110,1035,4,Petrol,0,1
9950,61,45000,1600,107,1085,3,Petrol,1,0
8250,63,44944,1600,110,1035,4,Petrol,0,1
9950,61,44597,1300,86,1015,3,Petrol,0,0
9995,68,44458,1300,86,1015,3,Petrol,0,0
9950,59,43818,1600,110,1070,5,Petrol,0,0
10495,60,43426,1600,110,1070,5,Petrol,0,1
7950,58,43000,1600,110,1114,4,CNG,1,1
8950,68,43000,1600,110,1035,5,Petrol,0,1
9695,57,43000,1600,110,1075,5,Petrol,0,0
7750,64,43000,1300,86,1015,3,Petrol,0,0
9950,68,42750,1600,110,1050,3,Petrol,0,1
9950,67,42102,1600,110,1075,5,Petrol,0,1
9950,63,41586,1600,110,1114,5,Petrol,0,1
9900,64,41200,1600,110,1070,5,Petrol,0,0
10950,57,40214,1300,86,1025,3,Petrol,0,0
8950,60,40000,1300,86,1000,4,Petrol,0,1
8950,66,39222,1300,86,1045,3,Petrol,1,1
8250,66,39144,1600,110,1050,3,Petrol,0,1
10250,62,39000,1600,110,1075,5,Petrol,0,1
8750,61,38019,1600,110,1070,5,Petrol,0,1
9750,68,37759,1600,110,1070,5,Petrol,0,1
10950,61,37500,1600,110,1085,5,Petrol,0,0
10950,60,37111,1600,110,1050,3,Petrol,0,1
9750,62,37000,1300,86,1015,3,Petrol,0,0
8900,59,36954,1600,110,1050,3,Petrol,0,1
9500,60,36943,1600,110,1070,5,Petrol,0,0
9950,63,36923,1300,86,1050,5,Petrol,0,0
9950,66,36658,1600,110,1050,3,Petrol,0,0
8250,65,36000,1300,86,1015,3,Petrol,0,1
10450,65,36000,1600,110,1065,3,Petrol,0,1
10950,62,35512,1600,110,1065,3,Petrol,0,1
9250,65,35283,1300,86,1015,3,Petrol,0,1
8900,68,35000,1600,110,1050,3,Petrol,0,1
10900,57,35000,1300,86,1045,5,Petrol,0,1
9750,64,34114,1600,110,1050,3,Petrol,0,0
11950,58,34000,1600,110,1075,5,Petrol,0,0
7900,68,33847,1300,86,1000,4,Petrol,0,1
10900,57,33535,1600,110,1035,4,Petrol,0,0
10450,65,33000,1600,110,1050,3,Petrol,0,0
10950,59,32150,1600,110,1085,5,Petrol,0,1
9950,65,31588,1300,86,1015,3,Petrol,0,1
10750,60,31480,1600,110,1065,3,Petrol,0,1
9900,57,31307,1600,110,1070,5,Petrol,0,1
10750,68,31000,1600,110,1035,4,Petrol,0,1
10450,58,30634,1600,110,1075,5,Petrol,0,1
9450,68,30300,1300,86,1000,4,Petrol,0,1
10750,60,28500,1300,86,1045,3,Petrol,1,1
10950,60,28500,1600,110,1075,5,Petrol,0,0
10000,57,28000,1300,86,1015,3,Petrol,0,0
10500,68,26698,1600,110,1055,3,Petrol,0,0
12500,62,26000,1600,107,1085,3,Petrol,1,0
8950,62,25505,1300,86,1035,5,Petrol,0,1
10500,58,25000,1600,110,1075,5,Petrol,0,1
9245,66,22835,1600,110,1050,3,Petrol,0,1
10950,59,22705,1600,110,1075,5,Petrol,0,1
9500,63,22178,1300,86,1015,3,Petrol,0,1
10900,62,17345,1600,110,1050,3,Petrol,0,1
10950,67,15535,1300,86,1030,4,Petrol,1,1
9450,66,15110,1300,86,1035,5,Petrol,0,0
5900,73,232940,2000,72,1172,5,Diesel,0,0
6950,79,218118,2000,72,1150,5,Diesel,0,0
6000,78,217764,2000,72,1135,5,Diesel,0,1
5250,79,207114,1600,110,1114,5,CNG,0,1
4400,74,203254,2000,72,1135,3,Diesel,0,1
6750,77,200732,2000,72,1100,4,Diesel,0,1
8500,69,197501,2000,72,1135,5,Diesel,0,0
6150,80,194765,2000,72,1120,3,Diesel,0,0
6950,76,191620,2000,72,1150,5,Diesel,0,0
5750,76,183277,2000,72,1115,3,Diesel,0,0
8750,78,180378,2000,72,1100,4,Diesel,0,1
6500,70,178800,2000,72,1115,3,Diesel,0,0
5950,73,176177,1600,110,1075,5,Petrol,0,1
6500,78,176000,1300,86,1035,5,Petrol,0,0
10500,77,172980,2000,72,1135,5,Diesel,0,1
8500,77,170000,2000,72,1100,4,Diesel,0,0
7950,71,164000,1600,110,1050,3,Petrol,0,1
5800,78,161775,1300,86,1015,3,Petrol,0,1
6750,80,160000,1300,86,1015,3,Petrol,0,0
6950,78,159968,2000,72,1115,3,Diesel,0,0
5740,74,159908,1600,110,1050,3,Petrol,0,0
6550,73,158492,1300,86,1015,3,Petrol,0,0
8950,69,156204,2000,72,1115,3,Diesel,0,1
6750,73,156169,1300,86,1035,5,Petrol,0,1
7950,78,155210,1600,110,1050,3,Petrol,0,0
7950,69,155000,2000,72,1115,3,Diesel,0,0
7450,76,154900,2000,72,1140,5,Diesel,0,1
7750,70,151300,2000,72,1150,5,Diesel,0,1
6450,71,151000,1600,110,1094,5,CNG,0,1
7900,75,150000,2000,72,1135,3,Diesel,0,1
6900,69,146304,2000,72,1115,3,Diesel,0,1
5600,75,146197,1300,86,1015,3,Petrol,0,0
5950,77,145996,1600,110,1035,4,Petrol,0,0
6950,80,143560,1300,86,1045,3,Petrol,1,1
7950,71,139145,2000,73,1115,2,Diesel,0,0
8950,79,138500,1300,86,1050,5,Petrol,0,0
7950,74,137741,2000,90,1135,5,Diesel,0,1
9500,80,137178,2000,90,1135,5,Diesel,0,1
8600,76,134889,2000,72,1115,3,Diesel,0,1
5950,71,134660,2000,72,1135,5,Diesel,0,0
7750,73,134539,1600,110,1070,5,Petrol,0,0
7950,79,131500,2000,72,1140,5,Diesel,0,0
6950,77,131307,1600,110,1050,3,Petrol,0,1
7250,74,130025,1600,110,1050,3,Petrol,0,1
6500,78,130000,1300,86,1015,5,Petrol,0,0
7250,77,128960,1600,110,1070,5,Petrol,0,1
9250,80,128351,1600,110,1070,5,Petrol,0,1
8250,73,128006,1600,110,1050,3,Petrol,0,1
7250,71,127159,2000,72,1115,3,Diesel,0,1
5250,72,126478,1600,110,1035,4,Petrol,0,1
7900,77,126000,1600,110,1050,5,Petrol,0,1
6900,76,125778,1600,110,1050,3,Petrol,0,0
7900,75,125400,1600,110,1050,3,Petrol,0,0
7250,74,124910,2000,72,1135,5,Diesel,0,0
8450,70,124743,1600,110,1050,3,Petrol,0,1
7950,76,124591,1600,110,1075,5,Petrol,0,1
7950,74,124057,1600,110,1050,3,Petrol,0,1
6450,72,123403,1600,110,1050,3,Petrol,0,1
6650,75,123104,1600,110,1070,5,Petrol,0,1
7950,74,123077,1300,86,1015,3,Petrol,0,1
7250,80,122820,1300,86,1040,5,Petrol,0,0
7450,77,122290,1600,110,1050,3,Petrol,0,0
7950,74,121900,1600,110,1035,4,Petrol,0,1
7250,77,121545,1600,110,1070,5,Petrol,0,1
8250,71,120474,2000,72,1115,3,Diesel,0,1
8950,76,120263,2000,72,1135,5,Diesel,0,1
7750,74,120196,1600,110,1050,3,Petrol,0,1
8500,71,120000,1600,110,1085,5,Petrol,0,0
7750,78,120000,1600,110,1075,5,Petrol,0,0
5750,73,115877,1600,110,1035,4,Petrol,0,0
6900,76,115345,1600,110,1070,5,Petrol,0,1
6500,71,115157,1600,110,1050,3,Petrol,0,1
6500,78,115000,1600,107,1100,5,Petrol,1,1
7600,77,114258,1300,86,1050,5,Petrol,0,1
8950,73,112963,2000,72,1135,5,Diesel,0,1
7450,74,112307,1600,110,1070,5,Petrol,0,1
7350,72,112000,1300,86,1015,3,Petrol,0,1
7750,73,111602,1300,86,1015,3,Petrol,0,1
7460,80,111392,1598,110,1083,3,CNG,0,0
9250,76,110901,1600,110,1085,5,Petrol,0,1
7250,80,110887,1600,110,1055,3,Petrol,0,1
6500,72,110634,1300,86,1015,3,Petrol,0,1
6800,80,110000,1600,110,1035,4,Petrol,0,1
8700,75,109540,1600,110,1085,5,Petrol,0,0
7500,78,109263,1600,110,1070,5,Petrol,0,0
7750,71,107516,1600,110,1050,3,Petrol,0,1
7950,73,107108,1600,110,1050,3,Petrol,0,1
9950,75,107000,1600,110,1050,3,Petrol,0,1
6640,74,106250,1600,110,1070,5,Petrol,0,0
8750,71,106150,1300,86,1015,3,Petrol,0,0
7750,72,106108,1600,110,1050,3,Petrol,0,1
5950,72,105856,1300,86,1015,3,Petrol,0,0
6750,77,105152,1300,86,1015,3,Petrol,0,0
6500,80,105135,1600,110,1050,3,Petrol,0,1
8750,76,104344,1600,110,1050,3,Petrol,0,1
7950,74,104150,1600,110,1050,3,Petrol,0,1
6750,74,104000,1300,86,1010,3,Petrol,0,1
7950,73,103121,1300,86,1035,5,Petrol,0,1
7950,80,102300,1300,86,1015,3,Petrol,0,1
8950,75,102005,1600,107,1105,5,Petrol,1,1
7750,77,102000,1300,86,1015,3,Petrol,0,1
6450,75,101855,1600,110,1070,5,Petrol,0,1
6900,74,101773,1600,110,1050,3,Petrol,0,0
8450,75,101159,1600,110,1085,5,Petrol,0,1
6750,74,101000,1300,86,1015,3,Petrol,0,0
8050,74,100732,1300,86,1030,4,Petrol,1,1
9500,79,100719,1600,110,1070,5,Petrol,0,0
7750,78,100487,1600,110,1035,4,Petrol,0,0
8500,80,100458,1600,110,1085,5,Petrol,0,0
7795,75,100192,1600,110,1050,3,Petrol,0,1
6490,80,100123,1600,110,1050,3,Petrol,0,1
7950,73,99971,1600,110,1050,3,Petrol,0,1
6425,79,99397,1300,86,1035,5,Petrol,0,0
8950,69,99374,1300,86,1035,5,Petrol,0,1
6950,72,99245,1600,110,1114,5,Petrol,0,1
8750,79,98742,1600,110,1085,5,Petrol,0,0
8450,71,98154,1600,110,1050,3,Petrol,0,1
7950,77,98000,1600,110,1065,5,Petrol,0,1
7950,80,97548,1300,86,1035,5,Petrol,0,0
8900,78,97534,1600,110,1070,5,Petrol,0,1
8950,73,97494,1600,110,1085,5,Petrol,0,1
8900,73,97085,1600,110,1085,5,Petrol,0,1
7950,69,97000,1600,110,1035,4,Petrol,0,0
6495,74,96302,1300,86,1015,3,Petrol,0,1
7250,78,96000,1300,86,1015,3,Petrol,0,1
9250,74,96000,1600,110,1085,5,Petrol,0,1
6650,78,95909,1600,110,1070,5,Petrol,0,1
6990,79,95700,1600,110,1085,5,Petrol,0,0
7750,78,95651,1600,110,1070,5,Petrol,0,1
6950,79,95000,1300,86,1035,5,Petrol,0,1
7250,80,94447,1600,110,1050,3,Petrol,0,0
9950,80,94079,1600,110,1085,5,Petrol,0,1
9250,80,93841,1600,110,1070,5,Petrol,0,0
7200,79,93090,1300,86,1035,5,Petrol,0,1
8250,72,93066,1600,110,1075,5,Petrol,0,1
8950,79,93039,1600,110,1050,3,Petrol,0,1
8250,77,93000,1600,110,1075,5,Petrol,0,1
6250,80,92830,1300,86,1015,3,Petrol,0,1
9900,80,92255,1600,107,1105,5,Petrol,1,0
7300,80,92096,1300,86,1035,5,Petrol,0,1
8950,72,91921,1300,86,1020,3,Petrol,0,1
6500,70,91900,1300,86,1015,3,Petrol,0,1
7950,78,91399,1600,110,1070,5,Petrol,0,1
7450,75,91082,1600,110,1050,3,Petrol,0,1
7950,71,90370,1300,86,1035,5,Petrol,0,1
8500,78,90345,1300,86,1035,5,Petrol,0,1
6950,77,90305,1300,86,1015,3,Petrol,0,1
7950,78,90011,1300,86,1045,3,Petrol,1,0
6750,77,90000,1300,86,1015,3,Petrol,0,1
8450,70,89983,1600,110,1055,3,Petrol,0,0
7500,78,89953,1600,110,1114,5,Petrol,0,0
8750,74,89800,2000,72,1115,3,Diesel,0,1
8750,79,89739,1300,86,1035,5,Petrol,0,1
8950,76,89520,1600,110,1050,3,Petrol,0,1
7450,75,89507,1300,86,1015,3,Petrol,0,0
9200,69,89096,1600,110,1085,5,Petrol,0,1
8950,74,88700,1600,110,1050,3,Petrol,0,1
7850,72,88500,1600,110,1075,5,Petrol,0,1
6950,73,88186,2000,72,1115,3,Diesel,0,1
7200,75,88000,1600,110,1050,3,Petrol,0,1
7450,78,87743,1600,110,1055,3,Petrol,0,0
6750,75,87613,1300,86,1015,3,Petrol,0,0
7500,73,87358,1600,110,1050,3,Petrol,0,1
7450,72,87083,1600,110,1035,4,Petrol,0,0
7950,70,87000,1600,110,1035,4,Petrol,0,1
7250,78,87000,1600,110,1035,4,Petrol,0,1
7950,73,87000,1300,86,1015,3,Petrol,0,1
8250,80,87000,1300,86,1015,3,Petrol,0,1
8250,72,86860,1600,110,1075,5,Petrol,0,0
6750,80,86109,1600,110,1055,3,Petrol,0,1
8750,79,86000,1300,86,1040,5,Petrol,0,1
8950,80,86000,1600,110,1050,3,Petrol,0,0
8500,70,85864,2000,72,1135,5,Diesel,0,1
8250,80,85565,1600,110,1070,5,Petrol,0,0
9450,70,85470,1600,107,1080,3,Petrol,1,0
7950,73,85200,1600,110,1050,3,Petrol,0,1
7900,70,85000,1600,110,1055,3,Petrol,0,1
8500,73,84988,1600,110,1050,3,Petrol,0,1
8250,79,84966,1600,110,1070,5,Petrol,0,0
8250,76,84472,1600,110,1070,5,Petrol,0,1
8950,73,84402,1600,110,1035,4,Petrol,0,1
7950,74,84123,1600,110,1050,3,Petrol,0,0
6950,80,84000,1600,110,1075,5,Petrol,0,0
7250,78,84000,1600,110,1065,5,Petrol,0,1
7750,77,84000,1600,110,1085,5,Petrol,0,1
8700,75,83850,1600,110,1055,3,Petrol,0,1
8950,80,83540,1600,110,1070,5,Petrol,0,1
6750,76,83405,1600,110,1070,5,Petrol,0,1
7500,71,83291,1600,110,1070,5,Petrol,0,1
7950,69,83133,1300,86,1015,3,Petrol,0,0
8950,71,83047,1300,86,1045,3,Petrol,1,1
7950,71,82700,1600,110,1050,3,Petrol,0,0
7450,78,82675,1300,86,1015,3,Petrol,0,0
5950,78,82595,1300,86,1015,3,Petrol,0,1
7750,75,82256,1600,110,1050,3,Petrol,0,1
6950,77,82103,1300,86,1015,3,Petrol,0,1
8750,80,82021,1300,86,1035,5,Petrol,0,1
8950,71,82000,1600,110,1075,5,Petrol,0,1
7495,79,81988,1600,110,1070,5,Petrol,0,1
7750,76,81930,1600,110,1070,5,Petrol,0,0
6950,70,81663,1600,110,1050,3,Petrol,0,0
7990,77,80486,1600,110,1070,5,Petrol,0,1
7250,78,80000,1600,110,1065,4,Petrol,0,1
6900,69,79000,1300,86,1015,3,Petrol,0,0
7750,74,78894,1600,110,1070,5,Petrol,0,0
7250,78,78689,1600,110,1035,4,Petrol,0,0
8950,77,78435,1300,86,1015,3,Petrol,0,0
8500,71,78260,1600,110,1050,3,Petrol,0,0
7950,72,78120,1600,110,1075,5,Petrol,0,1
6950,77,77000,1300,86,1015,3,Petrol,0,0
8000,78,77000,1600,110,1050,3,Petrol,0,0
7950,75,76382,1600,110,1055,3,Petrol,0,1
8500,76,76268,1300,86,1015,3,Petrol,0,1
7490,73,76151,1300,86,1015,3,Petrol,0,1
8250,80,76000,1600,110,1050,3,Petrol,0,0
9250,71,76000,1600,110,1070,5,Petrol,0,1
7950,72,75840,1300,86,1035,5,Petrol,0,0
9500,77,75799,1600,110,1050,3,Petrol,0,1
8950,72,75525,1600,110,1114,3,Petrol,0,1
8450,78,75323,1300,86,1050,5,Petrol,0,1
7995,79,75322,1600,110,1115,4,Petrol,0,1
8750,78,75226,1600,110,1035,4,Petrol,0,0
5950,71,75085,1300,86,1035,5,Petrol,0,0
8500,73,75000,1600,110,1075,5,Petrol,0,0
8950,69,75000,1300,86,1000,4,Petrol,0,1
8750,69,75000,1300,86,1000,4,Petrol,0,1
7600,78,74926,1600,110,1075,5,Petrol,0,1
7145,80,74785,1600,110,1070,5,Petrol,0,1
8450,69,74573,1600,110,1085,5,Petrol,0,1
5950,75,74567,1300,86,1015,3,Petrol,0,1
9000,80,74196,1600,110,1075,5,Petrol,0,0
7250,80,74151,1600,110,1050,3,Petrol,0,1
7400,75,74096,1600,110,1050,3,Petrol,0,1
8800,79,74093,1600,110,1075,5,Petrol,0,1
7750,71,74000,1600,110,1050,3,Petrol,0,0
7500,75,74000,1300,86,1015,3,Petrol,0,1
8450,78,73638,1300,86,1015,4,Petrol,1,1
7400,75,73460,1600,110,1070,5,Petrol,0,1
7500,80,73200,1600,110,1070,5,Petrol,0,1
8950,76,73116,1600,110,1075,5,Petrol,0,1
8950,70,73014,1600,110,1075,5,Petrol,0,1
7950,77,72703,1600,110,1050,3,Petrol,0,1
7950,79,72328,1600,110,1075,5,Petrol,0,1
7950,78,72222,1600,110,1070,5,Petrol,0,1
8950,71,72128,1600,107,1100,5,Petrol,1,1
7750,78,72090,1600,110,1070,5,Petrol,0,1
8250,78,72000,1600,110,1035,4,Petrol,0,1
7950,78,72000,1600,110,1055,3,Petrol,0,0
7750,77,71900,1300,86,1015,3,Petrol,0,1
8500,77,71825,1600,110,1075,5,Petrol,0,0
6950,80,71740,1600,110,1070,5,Petrol,0,1
7500,80,71500,1600,110,1035,4,Petrol,0,1
7750,79,71359,1600,110,1050,3,Petrol,0,1
5950,79,71263,1300,86,1015,3,Petrol,0,0
7500,78,71186,1600,110,1050,3,Petrol,0,0
8950,72,71054,1300,86,1045,3,Petrol,1,0
7950,76,71000,1600,110,1050,3,Petrol,0,1
6900,80,70939,1600,110,1100,5,Petrol,1,1
7450,77,70932,1600,110,1050,3,Petrol,0,1
8500,80,70597,1600,107,1080,3,Petrol,1,1
7500,73,70482,1600,110,1075,5,Petrol,0,1
8750,77,70124,1600,110,1050,3,Petrol,0,1
7500,76,70039,1600,110,1050,3,Petrol,0,1
9950,80,69904,1600,110,1070,5,Petrol,0,0
7950,75,69388,1300,86,1010,3,Petrol,0,0
9950,75,69320,1600,110,1070,5,Petrol,0,1
9250,78,69000,1600,110,1075,5,Petrol,0,1
9250,73,68988,1300,86,1035,5,Petrol,0,1
9950,79,68945,1600,110,1085,5,Petrol,0,1
5950,74,68285,1600,110,1050,3,Petrol,0,1
7995,76,68000,1600,110,1075,5,Petrol,0,1
8950,70,68000,1300,86,1045,3,Petrol,1,1
7450,75,67451,1300,86,1000,4,Petrol,0,1
8250,76,67266,1300,86,1035,5,Petrol,0,1
8500,78,67255,1600,110,1085,5,Petrol,0,0
8500,70,67100,1600,110,1075,5,Petrol,0,1
9400,69,67092,2000,72,1115,3,Diesel,0,1
7250,80,66880,1600,110,1055,3,Petrol,0,1
8950,79,66855,1600,110,1075,5,Petrol,0,1
9450,80,66843,1600,110,1075,5,Petrol,0,1
8500,74,66718,1600,110,1050,3,Petrol,0,1
6750,80,66168,1300,86,1015,3,Petrol,0,1
7400,80,65950,1600,110,1070,5,Petrol,0,0
8950,78,65500,1300,86,1015,3,Petrol,0,1
6900,80,65307,1600,110,1055,3,Petrol,0,1
7750,79,65254,1300,86,1015,3,Petrol,0,1
8950,71,65021,2000,72,1115,3,Diesel,0,1
6950,75,65006,1300,86,1015,3,Petrol,0,1
8495,77,64280,1600,110,1035,4,Petrol,0,0
10000,75,64000,1600,107,1085,3,Petrol,1,0
6999,71,64000,1600,110,1070,5,Petrol,0,1
8950,80,64000,1600,110,1055,3,Petrol,0,0
8500,79,63918,1600,110,1035,4,Petrol,0,0
8750,75,63634,1600,110,1035,4,Petrol,0,1
7499,80,63500,1600,110,1050,3,Petrol,0,1
9000,80,63266,1600,110,1035,4,Petrol,0,1
8950,77,62595,1600,110,1050,3,Petrol,0,1
6950,80,62581,1600,110,1075,5,Petrol,0,0
8500,77,62285,1600,110,1075,5,Petrol,0,1
8450,77,61906,1300,86,1065,5,Petrol,1,1
8950,74,61700,1600,110,1070,5,Petrol,0,0
8250,77,61648,1600,110,1070,5,Petrol,0,1
7950,75,61626,1300,86,1035,5,Petrol,0,0
7450,70,61510,1600,110,1035,4,Petrol,0,0
9000,79,61165,1600,107,1080,3,Petrol,1,1
7150,70,61000,1600,110,1035,4,Petrol,0,1
7750,76,60833,1600,110,1035,4,Petrol,0,1
5845,70,60600,1300,86,1060,3,Petrol,0,0
8500,72,60483,1600,110,1075,5,Petrol,0,1
8250,80,60476,1600,110,1114,5,Petrol,0,1
9450,79,60142,1600,110,1050,3,Petrol,0,0
6750,69,60050,1600,110,1050,3,Petrol,0,1
8400,77,60000,1600,110,1050,3,Petrol,0,1
7900,76,60000,1600,110,1050,3,Petrol,0,0
7950,76,59815,1587,110,1055,3,Petrol,0,1
8750,80,59326,1600,110,1085,5,Petrol,0,1
9900,73,59240,1600,110,1050,3,Petrol,0,1
6495,71,59164,1600,110,1035,4,Petrol,0,0
8250,70,59017,1600,107,1080,3,Petrol,1,1
6900,69,58952,1600,110,1050,3,Petrol,0,1
7500,74,58454,1300,86,1015,3,Petrol,0,1
7950,75,58341,1300,86,1030,4,Petrol,1,1
8250,80,58267,1600,110,1070,5,Petrol,0,1
8950,80,58000,1600,110,1055,3,Petrol,0,0
9750,70,57829,1600,110,1050,3,Petrol,0,0
8250,80,57787,1300,86,1015,3,Petrol,0,0
8900,78,57628,1600,110,1075,5,Petrol,0,0
8950,75,57537,1300,86,1050,5,Petrol,0,1
6750,76,57263,1600,110,1050,3,Petrol,0,1
7950,75,57144,1600,110,1070,5,Petrol,0,1
8600,69,57096,1300,86,1025,3,Petrol,0,1
7750,80,57000,1300,86,1000,4,Petrol,0,0
7800,73,56566,1600,110,1050,3,Petrol,0,1
8750,73,56307,1600,110,1050,3,Petrol,0,1
9500,79,56214,1300,86,1015,3,Petrol,0,0
7750,74,56132,1600,110,1035,4,Petrol,0,0
9950,79,55425,1600,110,1075,5,Petrol,0,0
7750,77,54439,1300,86,1015,3,Petrol,0,1
5950,69,53809,1600,110,1050,3,Petrol,0,1
10950,76,53133,1600,110,1070,5,Petrol,0,1
9450,77,52900,1600,110,1075,4,Petrol,0,1
8250,80,52700,1600,110,1050,3,Petrol,0,0
9750,69,52320,1600,110,1070,5,Petrol,0,0
7450,78,52287,1600,110,1114,5,Petrol,0,0
8750,75,52000,1600,110,1075,5,Petrol,0,0
8750,69,52000,1600,110,1050,3,Petrol,0,1
8500,73,52000,1600,110,1065,4,Petrol,1,1
8950,70,51874,1300,86,1000,4,Petrol,0,0
7500,79,49827,1300,86,1035,5,Petrol,0,1
7250,69,49640,1600,110,1035,4,Petrol,0,1
7450,80,49580,1600,110,1035,4,Petrol,0,1
8750,76,49170,1300,86,1045,3,Petrol,0,0
9800,77,48838,1600,110,1055,3,Petrol,0,0
7500,71,48576,1300,86,1015,3,Petrol,0,1
8950,75,48400,1600,110,1075,5,Petrol,0,1
8950,74,48242,1300,86,1035,5,Petrol,0,1
7450,70,47955,1600,110,1070,5,Petrol,0,1
8950,71,47633,1600,110,1075,5,Petrol,0,1
10500,78,47400,1300,86,1040,5,Petrol,0,1
7000,73,47360,1300,86,1010,3,Petrol,0,0
8500,77,45507,1600,110,1050,3,Petrol,0,1
7750,76,45410,1300,86,1035,5,Petrol,0,1
8950,70,44850,1600,110,1050,3,Petrol,0,1
8250,69,44826,1600,110,1075,5,Petrol,0,0
9250,80,44444,1600,110,1050,3,Petrol,0,1
7900,75,43720,1600,110,1070,5,Petrol,0,1
8500,78,43622,1300,86,1000,4,Petrol,0,1
7950,76,43532,1600,110,1070,5,Petrol,0,0
9950,69,42800,1600,110,1050,3,Petrol,0,1
8750,74,42317,1600,107,1100,5,Petrol,1,1
7500,80,42186,1600,110,1050,3,Petrol,0,1
6950,72,42000,1600,110,1050,3,Petrol,0,1
8950,79,40093,1600,110,1114,5,Petrol,0,0
8750,79,39800,1600,107,1080,3,Petrol,1,0
7750,73,39168,1300,86,1015,3,Petrol,0,0
8450,75,38945,1600,110,1050,3,Petrol,0,1
8150,76,36537,1600,110,1075,4,Petrol,1,0
8500,78,36000,1300,86,1045,3,Petrol,1,0
7600,78,36000,1600,110,1050,3,Petrol,0,1
7950,80,35821,1300,86,1015,3,Petrol,1,0
7750,73,34717,1300,86,1015,3,Petrol,0,0
7950,80,34000,1300,86,1000,4,Petrol,0,1
9950,78,30964,1600,110,1080,3,Petrol,1,0
8950,71,29000,1300,86,1045,3,Petrol,1,1
8450,72,26000,1300,86,1015,3,Petrol,0,0
8950,78,24000,1300,86,1065,5,Petrol,1,1
8450,80,23000,1300,86,1015,3,Petrol,0,0
7500,69,20544,1300,86,1025,3,Petrol,0,1
10845,72,19000,1300,86,1015,3,Petrol,0,0
8500,71,17016,1300,86,1015,3,Petrol,0,0
7250,70,16916,1300,86,1015,3,Petrol,0,1
6950,76,1,1600,110,1114,5,Petrol,0,0
